Date,AAPL,GOOGL,MSFT,PG,XOM
2005-01-03,64.78,197.4,26.8,55.65,51.02
2005-01-04,63.79,201.4,26.87,55.12,50.34
2005-01-05,64.46,193.45,26.84,55.28,49.83
2005-01-06,64.67,195.08,26.85,54.82,49.3
2005-01-07,65.0,190.64,26.82,55.15,50.12
2005-01-10,69.83,194.5,26.6,56.02,49.86
2005-01-11,68.25,195.62,26.69,55.92,49.83
2005-01-12,65.45,194.33,26.77,56.26,50.05
2005-01-13,73.71,195.38,26.68,56.0,50.59
2005-01-14,70.25,196.0,26.4,55.5,50.56
2005-01-18,69.85,200.97,26.03,55.48,50.95
2005-01-19,70.49,204.65,26.21,55.84,51.45
2005-01-20,69.65,192.5,25.84,56.3,50.65
2005-01-21,71.31,194.54,25.95,56.43,50.8
2005-01-24,70.98,188.69,25.76,54.9,50.94
2005-01-25,71.37,181.94,25.76,55.2,51.2
2005-01-26,72.66,179.27,26.07,55.71,51.5
2005-01-27,72.16,188.76,25.95,55.05,51.24
2005-01-28,72.62,190.02,26.54,52.15,51.37
2005-01-31,74.58,193.69,26.35,54.5,51.5
2005-02-01,77.05,194.38,26.25,53.45,51.98
2005-02-02,77.95,215.55,26.42,53.01,53.33
2005-02-03,79.1,205.99,26.37,53.34,53.85
2005-02-04,77.87,206.47,26.17,53.23,54.47
2005-02-07,78.93,205.26,26.27,52.62,55.12
2005-02-08,79.07,196.96,26.19,52.53,54.85
2005-02-09,81.04,200.76,26.25,52.0,55.48
2005-02-10,78.72,191.97,26.1,51.69,55.88
2005-02-11,79.86,186.66,26.03,51.7,56.34
2005-02-14,82.73,182.85,25.93,52.41,56.25
2005-02-15,86.66,193.6,26.0,52.89,56.69
2005-02-16,88.15,194.7,25.87,53.49,56.92
2005-02-17,90.65,197.83,25.71,53.29,58.7
2005-02-18,87.74,198.51,25.64,53.33,58.13
2005-02-22,86.3,196.5,25.25,53.15,59.5
2005-02-23,86.72,193.3,25.24,53.15,58.5
2005-02-24,88.48,183.37,25.18,53.6,59.6
2005-02-25,89.62,189.15,25.33,53.83,61.5
2005-02-28,44.68,186.0,25.22,54.19,63.26
2005-03-01,44.99,189.29,25.19,53.09,62.97
2005-03-02,44.25,185.95,25.19,53.26,62.05
2005-03-03,44.37,186.13,25.3,53.78,62.7
2005-03-04,42.76,186.7,25.21,53.87,63.12
2005-03-07,42.8,187.78,25.17,53.98,63.58
2005-03-08,41.9,189.1,25.4,53.7,63.15
2005-03-09,39.64,184.21,25.39,53.35,63.1
2005-03-10,39.53,181.01,25.43,53.04,60.9
2005-03-11,40.21,180.44,25.45,53.29,60.37
2005-03-14,40.52,178.33,25.08,52.81,61.06
2005-03-15,40.64,175.3,25.1,53.35,61.29
2005-03-16,41.21,176.7,24.82,52.9,60.0
2005-03-17,41.53,177.13,24.64,52.65,60.88
2005-03-18,43.33,178.81,24.53,53.09,61.59
2005-03-21,43.29,179.27,24.35,53.55,62.65
2005-03-22,43.71,181.18,24.19,52.74,61.75
2005-03-23,42.45,177.97,23.99,52.04,60.9
2005-03-24,42.91,180.7,24.24,53.0,60.3
2005-03-28,42.75,181.68,24.4,52.55,59.04
2005-03-29,42.56,181.05,24.14,52.4,58.89
2005-03-30,42.07,180.64,24.04,51.96,58.65
2005-03-31,42.45,177.95,24.25,53.26,59.83
2005-04-01,42.09,181.76,24.24,53.1,60.1
2005-04-04,40.99,179.95,24.11,53.18,60.95
2005-04-05,41.22,187.73,24.22,53.98,60.5
2005-04-06,42.4,189.24,24.47,54.0,60.25
2005-04-07,42.33,188.78,24.66,54.05,61.35
2005-04-08,43.7,193.69,25.07,55.05,60.75
2005-04-11,44.15,193.09,25.03,54.76,59.99
2005-04-12,42.49,193.0,24.92,55.03,59.94
2005-04-13,42.95,193.47,25.23,55.37,60.15
2005-04-14,38.81,193.27,25.01,55.28,59.28
2005-04-15,36.62,190.1,24.58,55.0,58.45
2005-04-18,35.0,184.58,24.45,54.8,55.65
2005-04-19,36.6,189.33,24.71,54.44,57.35
2005-04-20,37.66,198.58,24.66,53.96,58.05
2005-04-21,36.4,200.42,24.48,53.9,57.55
2005-04-22,36.84,222.9,25.05,54.08,59.28
2005-04-25,36.49,217.82,25.07,54.13,59.96
2005-04-26,36.78,220.22,24.95,53.66,59.96
2005-04-27,35.89,217.99,24.66,53.17,59.25
2005-04-28,36.29,219.5,24.82,53.8,57.35
2005-04-29,36.15,221.91,24.88,54.2,56.5
2005-05-02,36.21,222.05,25.23,54.15,57.0
2005-05-03,36.4,221.85,25.13,54.81,57.33
2005-05-04,36.11,227.23,25.34,54.91,56.85
2005-05-05,37.25,228.62,25.2,55.14,57.35
2005-05-06,36.89,228.4,25.33,55.0,58.05
2005-05-09,37.28,228.0,25.23,54.75,57.75
2005-05-10,36.75,225.47,25.04,54.65,57.53
2005-05-11,35.2,228.97,24.89,55.07,56.94
2005-05-12,35.42,230.81,24.84,55.6,57.25
2005-05-13,34.2,229.18,25.03,55.34,54.99
2005-05-16,34.56,229.68,25.23,54.92,53.5
2005-05-17,35.14,230.56,25.31,55.1,53.5
2005-05-18,35.45,233.61,25.5,55.73,54.34
2005-05-19,35.78,240.34,25.75,55.79,53.78
2005-05-20,37.25,241.21,25.88,56.59,54.83
2005-05-23,37.85,243.16,25.74,56.38,54.38
2005-05-24,39.45,256.96,25.8,56.32,54.85
2005-05-25,39.5,252.73,25.68,55.8,55.06
2005-05-26,39.94,260.96,25.75,55.74,56.05
2005-05-27,40.64,260.46,25.83,55.66,56.4
2005-05-31,40.66,269.43,25.99,55.42,57.0
2005-06-01,39.89,283.2,25.73,55.01,56.45
2005-06-02,40.05,288.73,25.71,55.85,56.95
2005-06-03,38.16,286.79,25.7,55.65,57.2
2005-06-06,38.33,282.39,25.38,55.18,57.3
2005-06-07,37.6,297.1,25.33,55.54,57.62
2005-06-08,36.63,292.85,25.55,55.85,57.36
2005-06-09,37.0,284.72,25.4,55.3,57.0
2005-06-10,37.4,286.99,25.49,55.4,58.2
2005-06-13,35.89,279.82,25.36,54.41,58.25
2005-06-14,35.92,278.59,25.31,54.3,58.25
2005-06-15,36.87,275.0,25.4,54.44,58.94
2005-06-16,37.19,274.26,25.22,54.18,59.25
2005-06-17,38.47,279.0,25.27,54.8,60.79
2005-06-20,37.85,276.09,24.98,54.21,61.1
2005-06-21,37.72,288.07,25.08,54.06,60.4
2005-06-22,38.26,289.67,25.11,54.33,59.85
2005-06-23,38.83,288.0,25.17,54.28,59.65
2005-06-24,39.09,290.9,25.22,53.5,59.12
2005-06-27,36.84,298.9,25.07,52.79,58.33
2005-06-28,37.49,306.28,25.09,52.78,59.35
2005-06-29,37.23,302.5,25.22,53.33,58.81
2005-06-30,36.61,294.34,25.06,53.1,58.44
2005-07-01,36.83,295.04,24.85,53.0,57.75
2005-07-05,36.55,292.1,24.66,52.4,58.56
2005-07-06,37.71,297.3,24.97,52.68,60.5
2005-07-07,36.81,289.39,24.58,52.2,58.65
2005-07-08,37.87,296.25,24.64,52.17,59.68
2005-07-11,38.37,296.4,25.15,53.79,59.39
2005-07-12,38.23,293.39,25.24,54.22,59.97
2005-07-13,38.29,292.51,25.53,53.96,59.89
2005-07-14,40.79,305.34,25.79,54.96,59.89
2005-07-15,40.97,301.24,26.04,54.75,58.59
2005-07-18,41.41,300.0,25.71,54.5,58.02
2005-07-19,41.52,302.1,25.79,54.77,58.48
2005-07-20,42.86,305.57,26.0,54.69,58.5
2005-07-21,43.7,314.05,26.3,54.9,58.75
2005-07-22,43.44,306.37,25.99,55.0,58.2
2005-07-25,43.99,302.39,25.69,54.99,59.95
2005-07-26,44.01,295.01,25.72,55.0,59.85
2005-07-27,43.83,297.74,25.61,55.31,59.8
2005-07-28,43.85,297.41,25.75,55.25,59.82
2005-07-29,43.56,292.14,25.78,55.75,60.04
2005-08-01,42.57,288.12,25.81,55.8,59.23
2005-08-02,42.89,291.6,25.9,55.52,59.36
2005-08-03,43.19,298.0,26.76,55.36,60.09
2005-08-04,42.89,295.55,27.16,55.0,58.97
2005-08-05,42.49,297.5,27.29,54.0,58.54
2005-08-08,43.0,293.6,27.8,54.11,58.65
2005-08-09,42.93,291.96,27.22,54.3,59.16
2005-08-10,44.0,291.3,27.41,53.95,59.75
2005-08-11,43.39,285.89,26.98,53.54,60.12
2005-08-12,43.46,283.36,27.08,53.41,61.0
2005-08-15,46.48,289.8,26.98,53.55,60.95
2005-08-16,47.39,284.88,27.03,54.24,60.42
2005-08-17,46.4,285.51,26.82,53.5,59.05
2005-08-18,46.91,275.91,26.89,53.55,58.15
2005-08-19,46.28,280.99,26.85,54.37,58.52
2005-08-22,46.15,281.24,26.79,55.4,59.54
2005-08-23,45.85,276.16,26.84,55.42,59.11
2005-08-24,45.6,277.57,26.84,55.41,59.15
2005-08-25,46.12,282.55,26.9,54.88,58.85
2005-08-26,46.12,283.48,27.06,55.0,58.93
2005-08-29,45.27,282.24,26.81,54.92,59.24
2005-08-30,45.99,287.39,27.06,55.65,58.43
2005-08-31,46.86,288.23,27.17,55.4,58.8
2005-09-01,47.0,285.91,27.38,55.4,60.1
2005-09-02,46.3,286.51,27.21,55.75,61.55
2005-09-06,46.7,289.0,27.06,56.3,60.62
2005-09-07,49.05,285.89,26.94,56.5,60.95
2005-09-08,49.35,294.83,26.8,56.55,61.44
2005-09-09,50.07,297.28,26.62,56.15,61.61
2005-09-12,51.1,301.75,26.62,56.68,62.85
2005-09-13,51.02,309.0,26.54,56.3,62.2
2005-09-14,51.06,308.73,26.52,55.45,62.01
2005-09-15,50.0,299.52,26.37,55.24,62.87
2005-09-16,50.23,304.02,26.34,55.74,63.0
2005-09-19,51.05,301.0,26.09,55.76,64.0
2005-09-20,52.99,306.15,26.07,56.24,64.38
2005-09-21,52.96,308.41,25.8,55.75,65.04
2005-09-22,51.88,311.5,25.49,55.91,65.31
2005-09-23,52.1,313.0,25.31,56.51,64.6
2005-09-26,54.03,319.5,25.4,56.99,63.7
2005-09-27,53.92,314.95,25.37,56.47,64.32
2005-09-28,53.07,314.22,25.39,57.19,64.65
2005-09-29,51.23,306.68,25.61,57.35,64.5
2005-09-30,52.33,314.22,25.91,57.87,64.61
2005-10-03,54.16,313.63,25.71,59.43,63.55
2005-10-04,54.95,319.95,25.36,58.45,62.35
2005-10-05,54.33,312.69,25.04,57.8,60.55
2005-10-06,53.2,314.14,24.66,57.0,58.7
2005-10-07,51.72,314.79,24.77,56.55,59.08
2005-10-10,51.76,313.31,24.67,56.04,59.6
2005-10-11,51.23,310.61,24.51,56.0,58.99
2005-10-12,48.65,305.2,24.49,56.01,59.38
2005-10-13,49.44,302.0,24.31,55.98,58.5
2005-10-14,54.03,299.9,24.71,55.85,57.8
2005-10-17,53.98,297.5,24.68,56.02,59.05
2005-10-18,53.25,304.96,24.49,55.4,58.3
2005-10-19,52.07,304.0,24.56,54.65,56.5
2005-10-20,54.47,309.99,25.05,55.7,57.0
2005-10-21,56.84,345.8,24.91,55.17,55.28
2005-10-24,55.25,343.37,24.89,54.99,55.31
2005-10-25,56.4,345.78,24.95,55.15,56.95
2005-10-26,56.28,346.28,24.97,55.59,57.25
2005-10-27,56.99,356.6,25.22,55.0,56.55
2005-10-28,56.04,355.27,25.1,55.48,56.05
2005-10-31,55.2,360.24,25.61,55.67,57.03
2005-11-01,57.24,371.86,25.61,56.5,56.09
2005-11-02,57.72,381.7,25.93,55.0,56.5
2005-11-03,60.26,382.41,26.6,55.9,57.83
2005-11-04,60.35,389.98,26.53,56.2,58.57
2005-11-07,60.85,395.1,26.72,55.52,57.8
2005-11-08,59.95,394.25,26.94,55.37,56.81
2005-11-09,60.0,386.67,26.98,55.88,57.37
2005-11-10,60.64,378.36,26.94,56.0,57.3
2005-11-11,61.54,395.12,27.15,56.41,56.29
2005-11-14,61.54,392.12,27.36,56.3,56.82
2005-11-15,61.6,394.38,27.33,55.97,56.42
2005-11-16,63.15,396.2,27.48,56.18,56.39
2005-11-17,65.59,401.8,27.85,56.85,57.54
2005-11-18,65.31,403.49,28.12,57.65,58.1
2005-11-21,64.82,399.17,28.07,57.2,58.51
2005-11-22,64.84,408.65,28.06,57.59,59.55
2005-11-23,66.88,417.04,27.92,56.99,59.48
2005-11-25,67.66,425.78,27.8,57.2,60.19
2005-11-28,70.72,429.82,27.79,56.85,59.55
2005-11-29,69.99,424.46,27.79,57.36,59.0
2005-11-30,68.43,404.26,27.68,57.79,58.21
2005-12-01,68.95,409.2,27.73,57.36,58.37
2005-12-02,72.27,416.94,27.82,57.3,59.42
2005-12-05,71.95,417.0,27.93,57.12,59.38
2005-12-06,73.93,408.7,27.9,57.4,59.77
2005-12-07,74.23,406.16,27.67,57.5,59.87
2005-12-08,73.2,405.3,27.71,57.0,59.21
2005-12-09,74.21,415.0,27.71,57.05,59.24
2005-12-12,74.87,414.63,27.7,57.3,58.81
2005-12-13,74.85,412.5,27.29,57.2,59.05
2005-12-14,72.53,417.04,27.0,58.49,59.08
2005-12-15,72.68,419.11,27.08,59.05,59.86
2005-12-16,72.14,425.34,26.88,59.19,59.62
2005-12-19,71.11,432.2,26.82,58.14,58.22
2005-12-20,71.63,427.86,26.76,58.0,57.67
2005-12-21,72.6,433.55,26.87,58.25,58.08
2005-12-22,73.91,431.77,26.71,58.27,57.78
2005-12-23,74.17,432.15,26.52,58.81,56.75
2005-12-27,74.0,431.86,26.68,58.66,57.0
2005-12-28,74.47,424.34,26.51,58.59,56.05
2005-12-29,73.78,427.98,26.41,58.43,56.25
2005-12-30,70.91,417.27,26.15,58.15,56.1
2006-01-03,72.38,422.52,26.25,58.3,56.42
2006-01-04,75.13,443.9,26.77,58.8,58.6
2006-01-05,74.83,446.0,26.96,58.7,58.57
2006-01-06,75.25,456.87,26.89,58.74,58.76
2006-01-09,76.73,466.41,26.93,58.45,59.8
2006-01-10,76.25,464.42,26.65,58.89,59.2
2006-01-11,83.84,471.27,27.01,58.94,59.68
2006-01-12,84.97,473.72,27.25,58.98,60.5
2006-01-13,84.99,464.31,27.03,58.41,59.51
2006-01-17,85.7,463.06,26.9,58.45,61.26
2006-01-18,83.08,447.3,26.74,58.5,61.72
2006-01-19,81.25,451.17,26.87,58.0,60.68
2006-01-20,79.28,438.7,27.01,58.51,61.81
2006-01-23,76.1,407.38,26.41,57.84,60.53
2006-01-24,78.76,436.03,26.34,58.0,60.9
2006-01-25,77.39,451.26,26.41,58.1,61.34
2006-01-26,74.53,439.54,26.56,58.75,60.79
2006-01-27,72.95,435.0,27.23,59.4,60.36
2006-01-30,71.17,429.23,27.82,59.13,62.88
2006-01-31,75.5,430.57,27.91,58.95,62.75
2006-02-01,74.95,389.03,27.96,59.1,62.77
2006-02-02,75.1,403.82,27.97,59.74,61.9
2006-02-03,72.24,393.62,27.48,59.39,61.65
2006-02-06,72.02,385.31,27.51,59.58,61.7
2006-02-07,68.27,382.99,26.95,59.47,61.59
2006-02-08,68.49,368.48,27.01,59.4,60.0
2006-02-09,69.1,371.2,26.96,59.46,60.55
2006-02-10,65.18,361.95,26.62,59.63,60.05
2006-02-13,66.63,346.64,26.63,59.58,59.43
2006-02-14,65.1,345.33,26.41,59.55,59.26
2006-02-15,67.16,341.27,26.6,59.75,59.81
2006-02-16,69.91,345.67,26.85,60.02,59.9
2006-02-17,70.3,369.86,26.67,60.59,60.37
2006-02-21,70.59,366.44,26.72,60.88,61.0
2006-02-22,69.0,367.15,26.53,61.0,60.6
2006-02-23,71.79,365.61,26.73,61.85,60.01
2006-02-24,72.14,377.3,26.59,61.32,60.34
2006-02-27,71.99,381.27,26.75,61.68,60.2
2006-02-28,71.58,393.2,26.95,61.0,59.52
2006-03-01,68.84,368.56,26.98,60.11,59.59
2006-03-02,68.99,364.28,27.02,59.99,60.04
2006-03-03,69.4,384.3,26.81,59.3,60.83
2006-03-06,67.69,380.91,26.92,59.55,60.95
2006-03-07,65.76,365.02,26.9,59.56,59.9
2006-03-08,66.29,353.93,26.99,60.25,59.45
2006-03-09,65.98,355.39,27.27,61.5,59.94
2006-03-10,64.05,343.5,27.06,61.45,58.92
2006-03-13,65.05,340.93,27.18,62.11,59.68
2006-03-14,65.77,337.14,27.04,60.09,59.55
2006-03-15,67.71,350.77,27.2,60.51,60.67
2006-03-16,66.85,348.61,27.34,59.8,60.97
2006-03-17,64.75,338.8,27.35,59.39,61.8
2006-03-20,65.22,342.34,27.7,59.38,60.77
2006-03-21,61.81,350.01,27.74,59.21,60.66
2006-03-22,62.16,339.75,27.08,58.7,60.63
2006-03-23,61.82,342.35,27.08,59.26,61.11
2006-03-24,60.25,368.62,26.71,58.56,61.15
2006-03-27,60.35,367.09,27.01,58.38,61.11
2006-03-28,59.63,371.71,27.01,58.0,61.45
2006-03-29,59.13,379.94,26.95,57.44,60.95
2006-03-30,62.82,389.19,27.03,57.53,61.25
2006-03-31,63.25,388.74,27.3,57.63,60.9
2006-04-03,63.67,389.53,27.67,57.69,61.36
2006-04-04,62.1,389.9,27.6,57.83,60.65
2006-04-05,64.71,408.2,27.88,57.95,61.63
2006-04-06,68.3,406.49,27.66,57.57,61.6
2006-04-07,70.93,412.41,27.61,57.5,61.77
2006-04-10,70.29,407.08,27.23,57.3,61.9
2006-04-11,68.99,416.42,27.29,57.27,62.2
2006-04-12,68.01,409.0,27.1,56.3,62.05
2006-04-13,66.34,408.63,27.08,56.4,61.29
2006-04-17,66.51,403.45,27.03,56.2,61.94
2006-04-18,65.04,407.93,26.94,55.94,62.49
2006-04-19,66.82,412.57,27.11,55.68,63.1
2006-04-20,69.51,411.01,27.05,56.16,64.0
2006-04-21,68.19,448.9,27.05,56.1,64.2
2006-04-24,66.85,439.4,27.07,56.15,64.76
2006-04-25,65.96,439.63,27.09,56.9,64.85
2006-04-26,66.65,427.74,27.08,57.56,63.98
2006-04-27,67.73,422.91,26.97,57.8,61.5
2006-04-28,69.38,418.63,24.23,58.3,62.57
2006-05-01,70.77,418.47,24.32,58.43,63.4
2006-05-02,70.15,401.08,24.49,57.66,63.82
2006-05-03,71.83,396.35,23.99,56.25,64.6
2006-05-04,71.22,395.03,23.35,56.23,63.77
2006-05-05,71.86,397.6,23.66,56.24,63.9
2006-05-08,72.99,395.11,23.85,56.01,63.6
2006-05-09,71.82,395.7,23.75,56.36,63.6
2006-05-10,71.29,408.31,23.67,56.69,63.5
2006-05-11,70.79,403.42,23.71,56.65,64.1
2006-05-12,67.85,383.54,23.14,55.8,63.46
2006-05-15,67.37,375.93,23.1,54.69,61.51
2006-05-16,68.1,375.99,23.16,55.6,62.11
2006-05-17,64.71,370.61,22.89,55.56,61.45
2006-05-18,65.68,378.78,22.84,55.2,60.25
2006-05-19,63.26,373.28,22.79,54.99,59.9
2006-05-22,63.87,367.85,22.48,53.96,59.95
2006-05-23,64.86,374.21,23.11,54.31,61.3
2006-05-24,62.99,377.35,22.99,54.56,60.0
2006-05-25,64.26,379.08,23.57,55.13,60.78
2006-05-26,64.31,384.55,23.77,55.2,61.53
2006-05-30,63.29,378.28,23.55,54.78,61.7
2006-05-31,61.76,373.8,23.26,54.58,60.21
2006-06-01,59.85,373.54,22.74,54.35,60.4
2006-06-02,62.99,386.84,22.87,54.37,61.5
2006-06-05,61.15,376.18,22.72,53.8,62.1
2006-06-06,60.22,376.58,22.55,53.11,60.0
2006-06-07,60.1,393.24,22.15,53.6,60.3
2006-06-08,58.44,387.75,22.03,53.5,58.38
2006-06-09,61.18,392.19,22.15,54.52,59.89
2006-06-12,59.4,388.34,21.96,54.57,59.05
2006-06-13,57.61,380.9,21.73,54.32,57.75
2006-06-14,58.28,389.83,21.59,54.0,56.65
2006-06-15,57.3,386.62,22.01,54.97,58.48
2006-06-16,58.96,389.1,21.97,54.89,58.95
2006-06-19,57.83,390.85,22.14,55.98,58.77
2006-06-20,57.61,388.03,22.54,55.23,57.66
2006-06-21,57.74,391.06,22.61,55.52,57.35
2006-06-22,58.2,401.58,23.06,55.63,57.72
2006-06-23,59.72,402.76,22.85,55.56,58.15
2006-06-26,59.17,406.75,22.65,55.74,58.1
2006-06-27,59.09,405.71,22.89,55.25,58.97
2006-06-28,57.29,404.01,22.96,55.75,59.8
2006-06-29,56.76,407.99,23.32,56.24,61.22
2006-06-30,57.59,415.6,23.54,57.0,62.65
2006-07-03,57.52,420.04,23.53,56.02,61.8
2006-07-05,57.15,421.52,23.48,55.7,61.9
2006-07-06,57.09,423.38,23.45,55.97,62.75
2006-07-07,55.48,426.05,23.39,56.45,63.7
2006-07-10,55.7,423.44,23.43,56.43,63.0
2006-07-11,55.11,418.51,23.37,56.78,63.2
2006-07-12,55.17,422.09,22.79,57.25,64.0
2006-07-13,52.03,414.0,22.37,56.61,64.15
2006-07-14,52.5,410.33,22.28,56.29,64.57
2006-07-17,51.73,404.63,22.29,55.63,64.5
2006-07-18,53.16,409.75,22.59,55.65,64.4
2006-07-19,52.96,395.01,22.82,55.8,64.62
2006-07-20,60.96,404.28,23.44,56.41,64.45
2006-07-21,59.82,386.14,24.08,56.85,64.57
2006-07-24,61.26,392.82,24.01,56.35,64.35
2006-07-25,61.78,385.02,24.0,56.6,65.36
2006-07-26,62.0,388.2,24.12,56.65,65.51
2006-07-27,64.5,387.37,24.58,56.85,67.4
2006-07-28,63.94,382.0,24.08,56.87,66.25
2006-07-31,66.83,388.0,24.07,56.41,67.43
2006-08-01,67.22,385.11,24.02,56.0,67.24
2006-08-02,67.65,375.6,24.12,57.98,68.37
2006-08-03,67.91,364.98,24.19,58.46,68.07
2006-08-04,67.05,379.56,24.4,59.59,68.6
2006-08-07,67.72,371.5,24.28,59.14,69.0
2006-08-08,67.09,382.82,24.39,59.75,69.24
2006-08-09,65.43,382.8,24.49,59.8,69.69
2006-08-10,63.25,373.88,24.37,59.6,68.87
2006-08-11,63.23,374.4,24.43,59.99,69.35
2006-08-14,64.05,371.5,24.52,60.27,69.54
2006-08-15,65.34,374.11,24.55,60.25,69.9
2006-08-16,67.1,383.48,24.61,60.38,68.3
2006-08-17,68.0,386.39,24.7,60.14,67.18
2006-08-18,67.71,386.31,25.05,60.35,68.4
2006-08-21,67.3,378.1,25.66,60.3,69.3
2006-08-22,66.68,377.73,26.01,60.72,69.71
2006-08-23,68.0,377.64,25.65,60.9,70.08
2006-08-24,67.89,374.44,25.82,60.88,69.79
2006-08-25,67.34,373.08,25.71,60.83,70.72
2006-08-28,68.5,375.61,25.84,60.42,70.05
2006-08-29,66.99,380.78,25.92,61.0,69.72
2006-08-30,67.34,379.21,25.85,61.45,69.43
2006-08-31,67.28,381.49,25.87,61.57,68.05
2006-09-01,68.48,380.99,25.89,61.99,67.85
2006-09-05,68.97,379.87,25.69,61.5,67.68
2006-09-06,71.08,382.1,25.51,61.56,68.49
2006-09-07,70.6,379.39,25.48,61.89,67.0
2006-09-08,73.37,376.72,25.53,62.34,67.69
2006-09-11,72.43,378.26,25.43,61.1,66.36
2006-09-12,72.81,385.0,25.9,61.92,65.25
2006-09-13,72.85,395.15,25.82,61.83,64.82
2006-09-14,73.72,404.3,25.99,60.05,65.21
2006-09-15,74.6,407.48,26.58,61.1,64.9
2006-09-18,73.8,410.0,26.74,60.73,64.9
2006-09-19,74.1,415.46,26.74,60.32,66.49
2006-09-20,74.38,407.1,27.01,61.1,65.51
2006-09-21,75.25,400.3,27.24,61.81,64.3
2006-09-22,74.3,404.98,26.83,61.65,65.28
2006-09-25,73.81,405.58,26.81,61.57,64.6
2006-09-26,76.18,405.5,26.91,62.03,65.06
2006-09-27,77.17,406.3,27.18,62.48,66.68
2006-09-28,77.02,404.08,27.47,62.41,67.13
2006-09-29,77.11,405.13,27.35,62.13,67.18
2006-10-02,75.1,401.9,27.32,61.99,67.29
2006-10-03,74.45,401.29,27.37,61.89,66.4
2006-10-04,74.1,404.97,27.39,62.08,65.49
2006-10-05,74.53,414.7,27.92,63.23,67.26
2006-10-06,74.42,410.22,27.76,63.15,67.0
2006-10-09,73.8,424.8,27.8,62.78,67.76
2006-10-10,74.54,431.56,27.69,62.61,66.21
2006-10-11,73.42,425.02,27.46,62.28,66.85
2006-10-12,73.61,428.56,27.58,62.57,66.88
2006-10-13,75.63,427.76,28.34,62.16,68.08
2006-10-16,75.19,427.7,28.48,61.82,68.45
2006-10-17,75.04,420.3,28.24,61.79,69.83
2006-10-18,74.75,422.99,28.5,62.15,69.5
2006-10-19,79.26,420.23,28.35,62.29,69.84
2006-10-20,78.97,458.99,28.48,62.73,70.01
2006-10-23,79.99,462.28,28.3,62.28,68.85
2006-10-24,81.21,476.28,28.43,63.0,69.67
2006-10-25,81.35,477.49,28.28,62.98,69.72
2006-10-26,81.9,487.68,28.33,63.1,72.0
2006-10-27,81.75,483.9,28.49,63.31,71.46
2006-10-30,79.99,474.82,28.35,63.57,71.15
2006-10-31,81.45,478.06,28.66,62.21,70.69
2006-11-01,81.1,478.76,28.78,63.2,71.58
2006-11-02,78.92,467.5,28.71,62.84,70.71
2006-11-03,79.36,472.23,28.85,63.27,71.44
2006-11-06,78.95,473.77,28.77,63.23,72.16
2006-11-07,80.45,476.95,28.86,63.56,72.91
2006-11-08,80.02,470.35,28.78,64.13,72.53
2006-11-09,82.9,476.5,29.11,63.86,74.2
2006-11-10,83.55,473.78,29.17,63.96,74.55
2006-11-13,83.22,474.9,29.19,63.77,74.1
2006-11-14,84.8,480.7,29.28,63.18,74.43
2006-11-15,85.05,493.43,29.13,63.12,74.0
2006-11-16,84.87,495.0,29.14,63.27,74.95
2006-11-17,85.14,493.25,29.31,63.5,71.95
2006-11-20,85.4,498.4,29.52,63.9,72.55
2006-11-21,87.42,496.54,29.91,63.45,72.77
2006-11-22,88.99,510.97,29.97,63.27,73.02
2006-11-24,89.53,504.5,29.66,63.64,71.9
2006-11-27,92.51,501.37,29.69,63.17,72.29
2006-11-28,90.36,481.13,29.34,62.7,72.65
2006-11-29,93.0,494.24,29.44,62.95,74.3
2006-11-30,92.21,484.19,29.42,63.04,76.42
2006-12-01,91.8,485.98,29.23,63.01,76.78
2006-12-04,91.88,483.0,29.23,63.08,77.2
2006-12-05,91.65,487.4,29.36,63.42,78.11
2006-12-06,90.64,486.96,29.1,63.57,77.82
2006-12-07,90.03,490.23,28.96,63.95,76.3
2006-12-08,87.23,481.94,28.82,63.7,76.2
2006-12-11,88.9,484.92,29.19,63.7,75.25
2006-12-12,88.61,483.85,29.56,63.92,75.31
2006-12-13,87.95,484.69,29.6,63.73,76.45
2006-12-14,89.05,480.25,29.54,63.3,77.51
2006-12-15,89.02,482.64,30.14,63.49,78.95
2006-12-18,87.63,482.51,30.19,64.02,77.26
2006-12-19,84.73,461.72,29.71,63.72,75.3
2006-12-20,86.47,470.0,29.99,64.3,76.85
2006-12-21,84.7,464.18,30.13,64.3,76.09
2006-12-22,83.46,457.5,29.83,64.23,76.0
2006-12-26,82.15,456.52,29.53,63.67,75.51
2006-12-27,78.15,460.0,29.99,64.4,76.3
2006-12-28,80.22,467.12,29.86,64.17,76.77
2006-12-29,83.95,462.1,29.86,64.36,77.01
2007-01-03,86.29,466.0,29.91,63.72,76.26
2007-01-04,84.05,469.0,29.7,64.34,73.85
2007-01-05,85.77,482.5,29.63,63.87,72.45
2007-01-08,85.96,487.69,29.65,63.59,73.88
2007-01-09,86.45,485.45,30.0,63.39,71.85
2007-01-10,94.75,484.43,29.8,63.27,71.81
2007-01-11,95.94,497.2,29.76,64.16,70.99
2007-01-12,94.59,501.99,30.65,64.4,71.21
2007-01-16,95.68,507.55,31.26,64.91,72.5
2007-01-17,97.56,503.39,31.26,65.21,71.49
2007-01-18,92.1,494.52,31.15,65.25,72.67
2007-01-19,88.63,487.98,30.73,65.69,72.5
2007-01-22,89.14,492.5,31.06,65.95,73.65
2007-01-23,85.73,480.79,30.63,66.0,73.55
2007-01-24,86.68,484.45,30.78,65.55,74.5
2007-01-25,87.11,501.0,31.08,65.36,74.62
2007-01-26,87.11,490.93,31.22,65.0,73.89
2007-01-29,86.3,498.0,30.65,65.23,73.65
2007-01-30,86.43,494.0,30.57,64.41,73.45
2007-01-31,84.86,496.49,30.41,64.5,74.39
2007-02-01,86.23,506.0,30.84,64.9,74.58
2007-02-02,84.12,482.61,30.82,65.58,75.0
2007-02-05,84.3,477.5,29.97,65.12,75.65
2007-02-06,84.45,468.1,29.59,65.15,75.86
2007-02-07,84.48,473.82,29.64,64.82,75.4
2007-02-08,85.43,468.05,29.24,64.11,74.28
2007-02-09,85.88,471.65,29.35,64.59,75.46
2007-02-12,84.43,460.68,28.89,64.36,74.93
2007-02-13,85.16,459.15,29.04,64.16,74.8
2007-02-14,84.63,460.0,29.17,64.85,75.9
2007-02-15,85.44,466.0,29.58,64.8,75.19
2007-02-16,85.25,462.8,28.91,64.89,75.26
2007-02-20,84.65,468.47,28.63,64.75,74.9
2007-02-21,85.98,469.84,28.75,64.75,74.72
2007-02-22,90.8,478.69,29.31,64.48,74.62
2007-02-23,89.16,475.75,29.22,64.78,75.29
2007-02-26,89.84,472.83,28.96,64.66,75.52
2007-02-27,86.3,455.0,28.71,64.31,74.89
2007-02-28,83.0,450.41,27.95,62.5,72.23
2007-03-01,84.03,442.67,27.82,62.75,70.9
2007-03-02,86.77,445.11,28.02,63.35,70.95
2007-03-05,85.89,437.02,27.49,62.84,69.35
2007-03-06,87.8,447.47,27.8,63.0,70.7
2007-03-07,88.05,462.69,27.76,62.8,71.0
2007-03-08,88.59,459.22,27.72,62.29,72.15
2007-03-09,88.8,458.0,27.42,62.4,71.95
2007-03-12,88.07,452.57,27.18,62.09,70.8
2007-03-13,89.41,450.11,27.25,61.75,70.37
2007-03-14,88.6,443.23,26.82,61.35,70.1
2007-03-15,89.96,447.86,27.32,61.56,70.71
2007-03-16,89.54,445.65,27.35,62.14,70.77
2007-03-19,90.24,443.25,27.34,61.72,70.12
2007-03-20,91.35,445.79,27.93,61.98,71.12
2007-03-21,91.99,445.3,27.9,62.34,72.44
2007-03-22,93.73,455.61,28.52,63.5,73.53
2007-03-23,93.35,461.45,28.22,63.53,74.66
2007-03-26,93.99,460.55,27.94,63.6,75.44
2007-03-27,95.71,463.55,28.04,63.55,75.37
2007-03-28,94.88,461.87,27.58,63.48,76.16
2007-03-29,94.19,464.55,27.84,63.49,75.83
2007-03-30,94.28,462.1,27.75,63.11,76.24
2007-04-02,94.14,457.76,27.89,63.22,75.35
2007-04-03,94.14,464.05,27.86,63.22,76.1
2007-04-04,94.94,472.14,28.01,63.1,76.59
2007-04-05,94.12,471.3,28.32,62.81,77.1
2007-04-09,95.21,472.98,28.58,63.03,76.77
2007-04-10,93.67,467.09,28.5,63.24,76.8
2007-04-11,93.9,466.06,28.3,63.21,77.6
2007-04-12,92.04,464.0,28.06,63.03,76.97
2007-04-13,90.9,468.45,28.43,63.52,77.5
2007-04-16,90.57,468.46,28.6,63.5,77.64
2007-04-17,92.0,473.8,28.63,63.58,78.27
2007-04-18,90.16,471.26,28.61,63.65,78.17
2007-04-19,90.19,474.5,28.34,63.77,77.93
2007-04-20,90.89,490.52,28.98,63.99,78.38
2007-04-23,91.59,480.1,28.96,63.8,79.5
2007-04-24,93.96,478.61,28.79,63.48,79.0
2007-04-25,94.23,480.0,28.86,63.35,78.84
2007-04-26,101.58,478.1,29.09,63.26,80.03
2007-04-27,98.18,480.07,30.17,62.91,80.24
2007-04-30,100.09,479.15,30.13,63.36,80.3
2007-05-01,99.59,472.19,29.94,63.21,79.5
2007-05-02,99.65,468.65,30.39,63.21,79.83
2007-05-03,100.73,466.22,30.6,62.63,79.83
2007-05-04,100.8,470.12,30.68,62.25,81.0
2007-05-07,101.08,472.14,30.52,62.61,80.5
2007-05-08,103.47,466.13,30.68,61.83,80.57
2007-05-09,104.91,466.15,30.7,61.5,81.19
2007-05-10,106.63,467.04,30.68,62.01,81.06
2007-05-11,107.74,461.83,30.57,61.67,79.69
2007-05-14,109.62,465.48,30.84,61.75,81.21
2007-05-15,109.57,461.96,30.9,61.72,81.01
2007-05-16,108.53,462.0,31.0,62.3,80.84
2007-05-17,107.15,472.46,31.03,63.05,81.25
2007-05-18,110.23,472.03,30.97,63.5,82.14
2007-05-21,110.31,469.53,30.73,63.3,83.42
2007-05-22,112.49,473.0,30.9,63.01,83.4
2007-05-23,114.02,480.82,30.84,63.03,83.12
2007-05-24,112.81,475.15,30.54,63.36,83.18
2007-05-25,112.0,479.7,30.28,63.3,82.66
2007-05-29,114.45,485.0,30.49,62.91,83.27
2007-05-30,114.3,484.5,30.55,63.4,82.18
2007-05-31,120.07,500.56,31.12,63.75,83.9
2007-06-01,121.1,501.0,30.79,63.55,83.56
2007-06-04,118.63,497.91,30.42,63.46,83.96
2007-06-05,121.41,509.75,30.62,63.09,83.95
2007-06-06,122.3,516.75,30.37,63.35,84.17
2007-06-07,124.99,519.75,30.02,62.61,83.4
2007-06-08,125.82,516.2,29.58,62.36,81.77
2007-06-11,126.0,514.02,29.94,62.8,82.68
2007-06-12,119.35,508.71,29.96,62.7,82.77
2007-06-13,121.15,507.09,29.97,62.29,82.32
2007-06-14,117.2,505.38,30.35,62.29,83.45
2007-06-15,120.62,508.19,30.86,62.66,85.07
2007-06-18,123.28,506.18,30.69,62.5,86.09
2007-06-19,124.69,514.01,30.48,61.81,86.19
2007-06-20,123.87,516.96,30.44,61.82,85.88
2007-06-21,121.7,510.98,29.98,62.03,83.36
2007-06-22,123.85,516.42,30.0,61.88,84.2
2007-06-25,124.19,528.98,29.47,61.1,82.4
2007-06-26,123.98,532.73,29.55,61.2,82.64
2007-06-27,120.61,525.0,29.36,61.15,81.32
2007-06-28,122.36,524.88,29.86,61.6,83.81
2007-06-29,121.97,526.02,29.87,61.45,84.15
2007-07-02,121.05,525.49,29.67,61.35,84.5
2007-07-03,122.0,531.06,29.79,61.45,85.0
2007-07-05,128.8,535.56,30.05,61.93,85.39
2007-07-06,133.13,541.25,29.91,61.5,85.63
2007-07-09,132.38,543.0,29.86,61.48,86.53
2007-07-10,128.88,543.79,29.7,61.54,86.95
2007-07-11,132.07,543.61,29.24,61.06,86.4
2007-07-12,133.85,545.86,29.56,61.57,87.7
2007-07-13,135.03,547.91,29.94,62.59,89.7
2007-07-16,138.39,550.3,29.76,62.36,89.33
2007-07-17,138.3,555.04,30.02,63.04,90.17
2007-07-18,138.19,553.89,30.51,62.4,88.82
2007-07-19,140.3,553.46,31.05,62.48,91.54
2007-07-20,141.65,511.9,31.15,62.24,92.01
2007-07-23,143.31,519.01,31.36,62.29,91.93
2007-07-24,138.88,509.3,31.01,62.57,92.52
2007-07-25,137.35,516.98,30.99,62.92,91.24
2007-07-26,145.91,508.74,30.24,62.32,90.41
2007-07-27,146.19,508.53,29.93,62.35,87.91
2007-07-30,144.33,512.92,29.41,62.51,86.0
2007-07-31,142.97,520.23,29.71,63.06,86.77
2007-08-01,133.64,510.5,28.95,61.52,84.99
2007-08-02,136.65,513.72,29.19,63.05,85.75
2007-08-03,135.26,510.05,29.45,63.25,84.62
2007-08-06,132.9,503.0,29.05,63.0,81.95
2007-08-07,134.94,509.75,29.33,64.23,83.15
2007-08-08,136.76,519.34,29.72,65.35,85.71
2007-08-09,131.11,520.8,29.64,64.01,85.69
2007-08-10,123.12,510.18,28.9,64.31,82.51
2007-08-13,128.32,519.54,28.94,65.2,85.24
2007-08-14,128.29,515.72,28.77,64.23,83.34
2007-08-15,122.74,509.0,28.24,63.95,83.27
2007-08-16,117.01,492.02,27.88,62.53,80.85
2007-08-17,122.01,497.44,28.09,64.9,82.29
2007-08-20,123.96,502.46,28.18,65.15,83.85
2007-08-21,122.21,498.94,28.1,64.65,84.5
2007-08-22,131.22,509.96,28.27,64.88,83.73
2007-08-23,133.09,516.0,28.28,64.99,84.05
2007-08-24,130.53,512.61,28.21,65.31,83.75
2007-08-27,133.39,514.43,28.61,65.67,85.11
2007-08-28,130.99,511.53,28.3,65.15,84.86
2007-08-29,129.88,507.84,28.13,64.89,83.49
2007-08-30,132.67,512.36,28.42,64.81,84.93
2007-08-31,139.49,513.1,28.7,65.13,86.54
2007-09-04,139.94,515.02,28.5,65.04,85.31
2007-09-05,144.97,523.4,28.65,65.38,86.91
2007-09-06,135.56,529.36,28.56,65.14,87.67
2007-09-07,132.01,517.86,28.62,65.69,86.72
2007-09-10,136.99,521.28,28.67,65.55,85.67
2007-09-11,137.9,516.99,28.63,66.29,85.19
2007-09-12,135.99,520.53,28.81,66.9,86.77
2007-09-13,138.83,524.06,29.12,67.32,87.85
2007-09-14,136.57,523.2,28.98,67.0,88.1
2007-09-17,138.99,526.53,28.79,67.49,88.5
2007-09-18,139.06,526.52,28.7,68.29,89.62
2007-09-19,143.02,539.27,28.87,68.95,92.3
2007-09-20,140.15,547.0,28.48,68.49,92.42
2007-09-21,141.14,556.34,28.69,69.67,92.87
2007-09-24,146.73,561.0,28.81,69.32,92.08
2007-09-25,146.84,564.0,29.14,69.4,90.68
2007-09-26,154.47,570.4,29.68,69.91,92.43
2007-09-27,153.77,571.73,29.7,70.51,92.9
2007-09-28,153.44,567.0,29.49,69.95,93.13
2007-10-01,154.63,569.97,29.46,70.44,92.45
2007-10-02,156.55,583.38,29.7,70.85,93.32
2007-10-03,157.78,586.25,29.71,70.72,91.63
2007-10-04,158.0,585.09,29.56,70.2,91.34
2007-10-05,158.37,587.11,29.89,70.9,91.2
2007-10-08,163.49,595.0,29.66,70.05,90.6
2007-10-09,170.2,615.11,30.03,71.18,90.99
2007-10-10,167.55,621.36,30.04,71.15,91.69
2007-10-11,169.49,633.64,30.3,71.65,93.6
2007-10-12,163.01,623.98,30.03,71.93,93.1
2007-10-15,167.98,638.47,30.1,71.65,94.15
2007-10-16,165.54,618.49,30.24,70.98,94.74
2007-10-17,172.69,630.45,30.75,70.64,95.08
2007-10-18,171.5,635.41,31.22,70.55,94.63
2007-10-19,174.24,654.56,31.09,71.0,94.7
2007-10-22,170.35,638.67,30.12,70.6,91.17
2007-10-23,188.56,661.25,30.71,71.17,91.47
2007-10-24,185.81,672.71,30.85,71.16,90.87
2007-10-25,184.87,678.68,31.57,71.21,92.49
2007-10-26,185.29,674.03,36.01,71.6,92.74
2007-10-29,185.45,677.77,34.85,71.95,92.36
2007-10-30,186.18,677.51,34.37,69.53,92.93
2007-10-31,187.63,700.69,35.52,69.35,91.46
2007-11-01,188.6,702.79,36.53,69.22,89.83
2007-11-02,189.21,710.51,37.22,69.05,88.69
2007-11-05,185.29,706.99,36.76,69.39,87.02
2007-11-06,187.05,737.56,36.59,70.4,87.76
2007-11-07,190.61,741.13,36.04,70.44,89.78
2007-11-08,186.67,734.6,35.6,69.76,88.01
2007-11-09,171.15,675.78,34.18,70.55,88.94
2007-11-12,165.28,657.74,33.32,70.44,86.24
2007-11-13,160.85,644.99,33.54,71.26,84.35
2007-11-14,177.16,673.28,34.62,71.98,87.46
2007-11-15,166.39,638.57,33.76,71.4,85.7
2007-11-16,165.3,633.94,33.86,72.46,85.16
2007-11-19,166.1,629.59,33.96,72.87,84.63
2007-11-20,165.67,636.48,34.23,72.98,84.98
2007-11-21,165.84,643.77,34.4,73.05,87.96
2007-11-23,172.0,670.0,34.36,72.88,87.05
2007-11-26,173.59,680.2,34.09,73.0,88.12
2007-11-27,175.22,674.8,33.27,72.71,85.23
2007-11-28,176.82,682.11,33.38,72.99,86.88
2007-11-29,179.43,690.75,33.58,73.82,87.5
2007-11-30,187.34,711.0,33.92,74.6,88.52
2007-12-03,181.86,691.01,33.5,74.0,88.97
2007-12-04,177.15,678.31,32.74,73.23,88.18
2007-12-05,182.89,692.73,33.14,73.65,88.76
2007-12-06,186.19,697.8,34.26,73.78,89.89
2007-12-07,190.54,714.99,34.61,74.24,91.25
2007-12-10,193.59,715.99,34.64,74.17,91.75
2007-12-11,194.75,719.94,34.73,74.59,92.36
2007-12-12,193.44,714.0,34.61,74.65,91.77
2007-12-13,190.19,696.31,34.48,74.45,91.29
2007-12-14,190.37,687.51,35.05,74.37,92.16
2007-12-17,190.72,688.0,35.03,73.73,90.65
2007-12-18,186.52,674.16,34.64,73.65,90.72
2007-12-19,182.98,674.21,34.69,72.78,91.06
2007-12-20,185.43,685.83,35.29,73.38,91.52
2007-12-21,190.12,697.88,35.9,73.41,92.74
2007-12-24,195.03,694.99,36.13,74.03,93.51
2007-12-26,199.01,698.99,36.41,73.9,93.68
2007-12-27,198.95,707.07,36.35,73.8,94.81
2007-12-28,200.59,704.93,36.1,74.06,94.05
2007-12-31,199.5,698.57,35.9,74.25,94.61
2008-01-02,199.27,692.87,35.79,73.59,94.15
2008-01-03,195.41,685.26,35.22,72.41,93.86
2008-01-04,191.45,679.69,35.19,71.7,93.24
2008-01-07,181.25,653.94,34.55,72.24,92.5
2008-01-08,180.14,653.0,34.71,72.7,91.86
2008-01-09,171.3,630.04,33.36,72.54,90.11
2008-01-10,177.58,645.01,34.35,72.07,90.75
2008-01-11,176.0,642.7,34.14,72.3,91.01
2008-01-14,177.52,651.14,34.46,70.82,90.84
2008-01-15,177.72,645.9,34.03,70.0,89.89
2008-01-16,165.23,628.97,33.42,69.25,88.45
2008-01-17,161.51,620.76,33.54,68.95,87.47
2008-01-18,161.71,608.36,33.16,68.4,84.0
2008-01-22,148.06,562.03,31.54,64.19,80.0
2008-01-23,136.19,560.71,31.48,62.74,80.01
2008-01-24,139.99,558.8,32.35,66.64,84.29
2008-01-25,138.99,591.81,34.9,66.83,86.7
2008-01-28,128.16,570.97,33.02,65.53,83.5
2008-01-29,131.15,560.47,32.85,65.57,85.22
2008-01-30,131.37,549.19,32.56,64.7,84.54
2008-01-31,129.45,539.01,31.91,63.79,84.22
2008-02-01,136.24,528.67,31.06,66.15,87.7
2008-02-04,134.21,509.07,30.49,66.56,86.04
2008-02-05,130.43,489.43,29.91,66.06,84.11
2008-02-06,130.83,511.14,29.28,65.02,82.69
2008-02-07,119.97,496.86,28.34,65.08,80.97
2008-02-08,122.08,509.41,28.29,65.55,82.0
2008-02-11,128.01,520.52,28.52,64.91,81.85
2008-02-12,130.7,523.39,28.43,66.43,83.6
2008-02-13,126.68,522.5,28.62,67.39,84.71
2008-02-14,129.4,538.35,28.88,67.14,85.65
2008-02-15,126.27,528.31,28.31,66.63,85.19
2008-02-19,125.99,534.94,28.8,66.93,86.52
2008-02-20,122.2,503.51,28.15,66.15,86.31
2008-02-21,126.05,512.85,28.62,66.27,87.71
2008-02-22,122.48,502.06,28.24,66.19,87.46
2008-02-25,118.59,505.95,27.65,66.12,87.17
2008-02-26,117.64,461.2,27.74,66.5,88.75
2008-02-27,118.23,460.13,28.19,67.14,89.4
2008-02-28,127.2,470.5,28.02,66.76,89.12
2008-02-29,129.29,471.87,27.69,66.55,88.77
2008-03-03,124.44,471.51,27.24,66.15,86.83
2008-03-04,121.99,450.95,27.02,65.95,87.47
2008-03-05,123.58,445.25,27.75,66.29,86.8
2008-03-06,124.61,447.69,28.06,66.5,86.93
2008-03-07,120.41,428.88,27.34,66.12,83.91
2008-03-10,121.98,428.83,27.83,65.75,82.75
2008-03-11,124.1,425.26,28.4,65.81,83.96
2008-03-12,127.04,440.01,29.43,66.64,86.61
2008-03-13,124.1,432.67,28.54,66.84,85.33
2008-03-14,129.88,442.98,28.72,67.71,87.74
2008-03-17,122.55,427.99,27.3,66.0,83.88
2008-03-18,129.18,428.98,28.67,67.8,86.61
2008-03-19,133.12,441.11,29.38,68.74,87.81
2008-03-20,131.12,427.32,28.74,68.49,84.18
2008-03-24,134.01,438.43,29.33,69.7,85.17
2008-03-25,139.96,457.46,29.33,69.98,86.26
2008-03-26,140.87,452.59,29.03,69.32,85.23
2008-03-27,144.95,446.0,28.48,69.69,86.82
2008-03-28,141.8,447.46,28.23,69.55,86.05
2008-03-31,143.27,435.64,27.88,69.56,85.69
2008-04-01,146.3,447.74,28.83,70.41,84.8
2008-04-02,148.78,469.9,29.57,71.06,86.85
2008-04-03,147.06,461.73,29.0,70.2,88.0
2008-04-04,152.19,457.01,29.13,70.47,88.48
2008-04-07,156.13,477.03,29.55,70.97,89.32
2008-04-08,153.55,473.04,28.94,70.01,88.73
2008-04-09,153.31,469.13,28.72,70.15,89.72
2008-04-10,151.13,464.96,28.83,70.09,89.53
2008-04-11,152.72,464.07,28.87,69.75,88.9
2008-04-14,146.77,457.16,28.24,70.12,88.74
2008-04-15,149.4,458.13,28.12,70.39,90.06
2008-04-16,151.72,444.4,28.57,70.68,90.9
2008-04-17,154.17,455.63,29.12,68.72,92.48
2008-04-18,159.12,535.21,30.01,67.94,93.36
2008-04-21,162.21,539.39,30.19,66.91,94.0
2008-04-22,167.4,537.57,30.64,67.51,94.1
2008-04-23,164.05,557.94,30.45,67.87,94.27
2008-04-24,165.34,551.29,31.63,67.05,93.41
2008-04-25,170.7,549.02,30.05,67.27,93.21
2008-04-28,169.75,545.88,29.8,66.62,92.57
2008-04-29,171.11,550.83,28.8,66.21,92.42
2008-04-30,176.19,562.21,28.74,67.05,92.25
2008-05-01,174.96,578.31,28.5,67.03,90.1
2008-05-02,180.19,598.49,29.59,67.1,90.05
2008-05-05,181.92,598.86,29.93,66.7,89.7
2008-05-06,184.66,591.0,29.0,66.21,89.28
2008-05-07,186.05,590.27,29.69,66.59,90.07
2008-05-08,183.77,586.2,29.28,66.1,89.0
2008-05-09,183.16,579.0,29.21,65.62,89.37
2008-05-12,185.21,574.75,29.4,65.43,88.43
2008-05-13,188.61,586.23,30.0,65.5,88.87
2008-05-14,191.23,586.49,29.89,65.93,89.85
2008-05-15,186.81,579.0,29.98,65.28,90.33
2008-05-16,190.11,581.43,30.47,66.44,91.85
2008-05-19,187.86,578.55,29.87,66.51,92.91
2008-05-20,181.82,574.63,29.3,66.63,94.47
2008-05-21,185.67,578.52,28.81,66.08,94.63
2008-05-22,179.26,551.95,28.28,65.32,93.76
2008-05-23,180.77,546.96,28.26,65.38,92.64
2008-05-27,182.75,544.96,28.11,65.38,90.04
2008-05-28,187.41,567.94,28.56,65.32,89.13
2008-05-29,186.76,574.79,28.21,64.88,89.87
2008-05-30,187.45,583.47,28.38,65.53,89.58
2008-06-02,188.6,582.5,28.24,65.92,88.09
2008-06-03,186.86,576.5,27.91,65.46,87.68
2008-06-04,184.02,565.33,27.28,66.0,85.3
2008-06-05,186.34,577.08,27.72,66.56,86.25
2008-06-06,188.0,579.75,27.99,66.35,89.79
2008-06-09,184.79,568.06,27.65,65.35,87.61
2008-06-10,180.51,549.56,27.36,65.63,88.77
2008-06-11,184.34,556.24,27.85,66.43,88.8
2008-06-12,181.49,548.76,27.4,66.4,87.98
2008-06-13,171.64,561.49,28.63,66.77,86.53
2008-06-16,171.3,566.5,29.02,66.25,88.49
2008-06-17,178.1,576.35,29.04,65.97,87.87
2008-06-18,181.12,564.51,28.55,65.59,88.08
2008-06-19,178.55,555.35,28.55,64.95,88.04
2008-06-20,179.35,556.98,28.9,64.65,86.3
2008-06-23,174.74,545.36,28.3,63.43,85.1
2008-06-24,172.37,545.14,27.92,62.82,87.53
2008-06-25,174.61,544.97,27.81,63.14,87.25
2008-06-26,174.07,544.1,28.03,63.22,87.69
2008-06-27,166.51,527.68,27.68,62.19,86.84
2008-06-30,170.19,532.47,27.73,60.69,86.81
2008-07-01,164.23,519.58,27.27,60.55,87.87
2008-07-02,175.2,536.51,26.9,61.95,88.5
2008-07-03,169.59,530.88,25.97,62.7,87.97
2008-07-07,173.16,542.3,26.11,63.81,87.86
2008-07-08,175.4,545.99,25.93,62.67,86.12
2008-07-09,180.2,550.76,25.79,63.93,86.15
2008-07-10,174.92,545.0,25.2,63.71,84.3
2008-07-11,175.47,536.5,25.16,63.93,86.28
2008-07-14,179.24,539.0,25.48,63.9,86.0
2008-07-15,172.48,516.28,24.93,62.35,85.65
2008-07-16,170.2,514.04,26.13,63.73,81.89
2008-07-17,174.1,534.16,27.58,63.97,81.3
2008-07-18,168.52,498.35,26.36,63.97,80.63
2008-07-21,166.9,480.88,25.66,63.93,81.84
2008-07-22,149.0,466.72,25.54,63.65,82.56
2008-07-23,164.99,481.61,25.86,64.25,82.98
2008-07-24,164.32,496.7,26.09,64.7,81.2
2008-07-25,160.4,486.49,25.64,64.62,81.01
2008-07-28,162.34,492.09,26.06,64.39,81.87
2008-07-29,155.41,479.3,25.52,63.95,80.83
2008-07-30,157.78,485.5,26.2,65.43,80.9
2008-07-31,157.54,474.56,25.85,66.02,81.82
2008-08-01,159.9,472.51,25.92,65.73,80.55
2008-08-04,156.6,468.12,25.39,65.12,79.63
2008-08-05,155.42,467.59,25.64,66.21,76.5
2008-08-06,159.97,478.37,26.73,67.95,78.5
2008-08-07,162.71,482.0,26.9,67.83,78.68
2008-08-08,163.86,480.15,27.35,67.01,76.9
2008-08-11,170.07,492.47,27.86,69.62,78.52
2008-08-12,173.52,502.0,27.78,69.22,78.57
2008-08-13,177.98,501.6,28.07,70.22,76.81
2008-08-14,178.33,497.7,27.82,69.55,77.6
2008-08-15,179.04,506.99,27.98,70.49,77.09
2008-08-18,175.57,509.84,27.78,71.32,77.46
2008-08-19,174.54,490.43,27.54,71.02,76.38
2008-08-20,174.77,494.72,27.54,70.68,78.54
2008-08-21,174.47,482.92,27.1,69.83,79.28
2008-08-22,175.82,491.5,27.23,70.07,80.0
2008-08-25,176.15,486.11,27.61,71.33,80.27
2008-08-26,172.76,483.46,27.58,70.03,78.82
2008-08-27,173.31,473.73,27.34,69.68,80.67
2008-08-28,175.28,472.49,27.61,70.35,81.06
2008-08-29,172.96,469.75,27.68,70.71,81.5
2008-09-02,172.4,476.77,27.67,70.35,78.04
2008-09-03,166.84,468.73,27.0,70.42,77.01
2008-09-04,165.86,460.0,26.74,71.16,77.68
2008-09-05,158.59,445.49,26.03,70.39,76.0
2008-09-08,164.57,452.02,26.21,71.33,76.76
2008-09-09,156.86,423.17,26.2,71.66,76.07
2008-09-10,152.32,424.47,26.52,71.85,73.88
2008-09-11,148.18,408.35,26.1,71.8,74.56
2008-09-12,150.91,430.21,27.14,72.33,75.52
2008-09-15,142.03,424.0,26.92,72.34,74.94
2008-09-16,133.86,425.96,26.09,71.52,71.99
2008-09-17,138.49,438.48,25.73,71.68,75.6
2008-09-18,130.57,422.64,24.8,71.22,76.29
2008-09-19,142.6,461.0,26.37,72.56,80.49
2008-09-22,139.94,454.13,26.22,70.01,80.2
2008-09-23,131.85,433.25,25.66,68.14,78.57
2008-09-24,127.27,430.34,25.58,67.43,77.95
2008-09-25,129.8,438.84,25.82,69.02,78.54
2008-09-26,124.91,428.0,26.17,67.82,79.03
2008-09-29,119.62,419.51,26.94,68.15,78.92
2008-09-30,108.25,395.98,25.77,67.19,75.62
2008-10-01,111.92,411.15,26.38,69.34,77.19
2008-10-02,108.01,409.79,26.18,70.91,77.77
2008-10-03,104.0,397.35,26.37,71.02,77.85
2008-10-06,91.96,373.98,25.63,69.77,75.65
2008-10-07,100.48,373.33,24.98,69.03,78.0
2008-10-08,85.91,330.16,22.9,65.78,74.85
2008-10-09,93.35,344.52,23.77,66.14,77.6
2008-10-10,85.7,313.16,21.79,58.77,63.86
2008-10-13,104.55,355.79,22.86,61.67,64.9
2008-10-14,116.26,393.53,25.64,65.55,75.05
2008-10-15,103.84,354.65,23.78,63.28,70.76
2008-10-16,99.77,332.76,22.94,59.91,63.31
2008-10-17,99.6,378.96,23.57,60.65,67.05
2008-10-20,99.78,379.75,24.2,62.54,70.37
2008-10-21,96.95,372.39,24.3,63.47,72.45
2008-10-22,97.37,356.99,23.04,61.39,68.74
2008-10-23,96.51,353.65,21.55,59.13,65.88
2008-10-24,90.33,326.47,21.06,56.9,64.01
2008-10-27,95.07,334.81,21.67,58.03,67.58
2008-10-28,95.43,339.05,21.64,58.4,68.87
2008-10-29,100.86,365.79,23.13,63.01,74.87
2008-10-30,108.23,368.46,23.69,62.33,75.0
2008-10-31,107.4,356.16,22.53,62.96,74.37
2008-11-03,105.93,357.58,22.48,64.72,73.45
2008-11-04,109.99,353.44,23.13,65.3,75.13
2008-11-05,108.91,362.15,23.33,65.41,76.25
2008-11-06,101.05,339.97,21.87,64.05,73.12
2008-11-07,99.24,333.12,21.32,63.7,70.48
2008-11-10,100.17,328.0,21.85,65.46,75.1
2008-11-11,94.81,308.69,21.29,64.65,72.65
2008-11-12,92.43,302.05,20.89,63.5,71.35
2008-11-13,89.87,291.77,20.15,61.71,69.54
2008-11-14,93.76,303.25,20.56,64.87,73.8
2008-11-17,88.48,303.0,19.74,63.0,73.5
2008-11-18,89.64,301.57,19.5,62.25,73.5
2008-11-19,89.44,295.39,19.63,63.88,76.2
2008-11-20,85.24,274.89,18.12,61.67,71.84
2008-11-21,81.93,262.51,18.02,60.05,69.78
2008-11-24,85.21,269.26,19.89,63.44,76.82
2008-11-25,94.63,268.68,20.86,64.54,78.39
2008-11-26,89.92,280.28,19.73,61.77,77.38
2008-11-28,94.7,290.58,20.23,63.04,79.86
2008-12-01,91.3,286.68,19.88,63.73,77.89
2008-12-02,90.03,269.73,18.99,61.6,75.59
2008-12-03,89.4,269.85,18.65,60.52,76.16
2008-12-04,94.43,276.53,19.4,62.28,77.54
2008-12-05,90.35,271.02,18.91,60.81,75.67
2008-12-08,97.28,289.99,20.35,63.01,78.59
2008-12-09,98.04,297.69,20.62,61.97,79.02
2008-12-10,97.87,309.24,20.82,60.27,79.22
2008-12-11,97.35,304.17,20.11,57.77,80.33
2008-12-12,92.8,295.71,19.15,58.33,78.04
2008-12-15,95.99,314.01,19.34,58.15,81.32
2008-12-16,93.98,314.52,19.21,59.9,80.41
2008-12-17,91.03,318.64,19.81,60.99,82.57
2008-12-18,89.31,316.7,19.86,61.0,80.56
2008-12-19,89.94,310.99,19.42,60.8,76.8
2008-12-22,90.02,308.56,19.24,60.89,75.21
2008-12-23,86.87,300.43,19.28,60.57,75.5
2008-12-24,86.14,301.48,19.26,59.95,74.62
2008-12-26,86.64,304.07,19.2,60.6,76.04
2008-12-29,86.52,300.22,19.15,60.78,78.28
2008-12-30,87.42,300.8,19.01,60.5,78.02
2008-12-31,85.97,304.2,19.31,61.35,78.42
2009-01-02,85.88,308.6,19.53,61.69,80.06
2009-01-05,93.17,321.0,20.2,62.32,81.27
2009-01-06,95.95,332.98,20.75,62.5,82.14
2009-01-07,91.81,328.32,20.19,61.33,79.25
2009-01-08,90.43,318.28,19.63,60.91,77.91
2009-01-09,93.21,327.5,20.17,60.64,78.88
2009-01-12,90.46,316.31,19.71,59.75,76.54
2009-01-13,88.24,311.77,19.52,59.96,76.46
2009-01-14,86.24,310.0,19.53,59.05,77.04
2009-01-15,80.57,297.57,19.07,57.09,74.7
2009-01-16,84.3,305.02,19.63,58.08,77.62
2009-01-20,81.93,299.14,19.46,57.77,77.08
2009-01-21,79.39,288.35,18.87,58.2,76.25
2009-01-22,88.04,298.04,18.05,57.38,77.69
2009-01-23,86.82,309.27,16.97,56.54,76.4
2009-01-26,88.86,324.85,17.29,55.95,78.68
2009-01-27,90.19,326.45,17.78,56.48,78.27
2009-01-28,92.12,337.98,17.8,57.5,79.37
2009-01-29,93.09,344.54,17.78,57.79,77.58
2009-01-30,92.6,344.69,17.74,56.5,78.25
2009-02-02,89.1,334.29,17.03,54.0,76.06
2009-02-03,91.92,342.57,17.85,53.49,76.85
2009-02-04,93.22,340.07,18.54,54.33,78.55
2009-02-05,92.77,340.91,18.51,52.29,77.57
2009-02-06,97.02,356.46,19.16,53.42,78.81
2009-02-09,100.0,371.28,19.64,53.89,80.39
2009-02-10,101.33,375.98,19.25,52.74,79.28
2009-02-11,96.37,358.95,18.94,51.8,76.61
2009-02-12,95.83,353.16,18.97,50.93,73.57
2009-02-13,98.99,362.19,19.27,51.37,74.99
2009-02-17,96.87,346.51,18.49,50.0,72.72
2009-02-18,95.05,347.24,18.22,49.84,71.51
2009-02-19,93.37,357.47,18.3,51.5,71.87
2009-02-20,89.4,338.05,17.77,50.24,70.94
2009-02-23,91.65,347.0,18.02,50.49,72.25
2009-02-24,87.45,331.02,17.03,49.28,69.72
2009-02-25,89.86,342.15,17.01,49.59,71.4
2009-02-26,92.0,345.96,17.05,50.1,71.77
2009-02-27,87.93,332.95,16.29,48.66,69.79
2009-03-02,88.12,333.33,15.96,47.32,67.0
2009-03-03,88.93,330.07,16.03,47.33,65.84
2009-03-04,90.18,323.16,16.12,46.93,65.56
2009-03-05,90.46,316.48,15.86,46.45,64.18
2009-03-06,88.34,307.22,15.35,45.87,62.98
2009-03-09,84.18,299.98,15.2,45.3,62.88
2009-03-10,84.87,298.25,15.37,44.51,65.59
2009-03-11,89.81,310.1,16.63,45.59,67.38
2009-03-12,92.9,317.54,17.01,44.89,66.01
2009-03-13,96.3,326.1,16.98,46.1,67.39
2009-03-16,96.53,325.99,16.82,47.37,67.04
2009-03-17,95.24,320.18,16.32,47.95,66.81
2009-03-18,99.91,334.81,17.03,47.75,68.51
2009-03-19,101.85,331.68,17.37,48.24,70.4
2009-03-20,102.09,330.3,17.32,46.55,68.64
2009-03-23,102.71,333.56,17.37,46.11,66.99
2009-03-24,106.36,346.5,18.04,47.42,69.6
2009-03-25,107.58,350.4,17.98,47.7,69.7
2009-03-26,107.83,353.13,18.17,48.27,70.68
2009-03-27,108.23,350.0,18.54,48.21,70.05
2009-03-30,104.51,342.55,17.74,48.04,68.54
2009-03-31,105.45,348.93,17.83,47.56,69.04
2009-04-01,104.09,343.78,18.23,46.75,67.04
2009-04-02,110.14,363.31,19.5,48.72,70.73
2009-04-03,114.19,364.5,19.13,49.54,69.76
2009-04-06,114.94,367.0,18.54,49.46,69.66
2009-04-07,116.53,362.6,18.76,49.42,69.03
2009-04-08,115.43,363.5,18.97,48.8,68.57
2009-04-09,118.42,369.5,19.45,49.17,69.95
2009-04-13,120.01,371.33,19.69,48.88,68.64
2009-04-14,119.57,376.94,19.44,47.98,67.24
2009-04-15,117.2,367.1,19.21,47.68,67.59
2009-04-16,119.19,381.5,19.16,49.2,68.61
2009-04-17,121.18,386.02,19.69,51.15,67.84
2009-04-20,121.73,386.15,18.89,51.57,66.02
2009-04-21,118.89,376.17,18.59,50.82,65.29
2009-04-22,122.63,381.75,18.76,50.96,65.64
2009-04-23,126.62,387.51,18.92,49.84,65.31
2009-04-24,124.64,386.05,19.82,49.5,66.21
2009-04-27,122.9,384.34,20.55,49.07,65.29
2009-04-28,123.35,383.75,20.25,49.75,65.36
2009-04-29,124.85,385.97,20.11,49.91,67.32
2009-04-30,126.22,395.76,20.6,50.23,68.64
2009-05-01,125.8,395.03,20.19,49.6,67.13
2009-05-04,128.24,398.17,20.37,49.97,68.5
2009-05-05,131.75,399.98,20.14,50.76,68.08
2009-05-06,133.33,406.79,20.06,50.0,68.04
2009-05-07,132.33,404.1,19.96,51.0,69.0
2009-05-08,129.04,402.85,19.46,52.0,69.4
2009-05-11,127.37,402.8,19.2,51.42,69.48
2009-05-12,129.56,410.01,19.51,50.4,69.77
2009-05-13,123.21,394.09,19.92,50.53,69.98
2009-05-14,119.78,388.8,19.83,51.02,69.52
2009-05-15,122.32,391.1,20.13,51.43,69.31
2009-05-18,123.73,394.73,20.36,50.98,69.74
2009-05-19,126.82,396.1,20.51,52.57,70.31
2009-05-20,127.63,402.09,20.41,53.74,71.0
2009-05-21,125.15,396.3,20.14,53.48,68.72
2009-05-22,124.05,396.66,19.93,53.07,68.62
2009-05-26,124.76,391.95,19.54,52.94,68.39
2009-05-27,131.78,405.64,20.25,53.72,69.8
2009-05-28,133.45,408.68,20.32,52.26,68.54
2009-05-29,135.39,412.11,20.56,52.62,69.8
2009-06-01,136.47,418.73,21.0,52.55,70.46
2009-06-02,138.99,426.25,21.36,53.23,71.44
2009-06-03,140.0,426.0,21.31,53.38,72.39
2009-06-04,140.13,435.3,21.77,53.76,72.67
2009-06-05,145.31,445.07,21.96,53.56,73.25
2009-06-08,143.82,439.5,21.98,52.93,72.48
2009-06-09,143.81,438.58,22.06,52.84,73.56
2009-06-10,142.28,436.23,22.17,52.69,73.97
2009-06-11,139.55,431.77,22.59,52.05,74.0
2009-06-12,138.81,426.86,22.9,51.88,73.43
2009-06-15,136.01,421.5,23.23,52.38,72.64
2009-06-16,136.66,419.31,23.47,51.61,73.34
2009-06-17,136.67,416.19,23.5,50.13,71.06
2009-06-18,136.11,415.68,23.62,50.07,71.23
2009-06-19,138.07,418.21,24.04,51.28,71.85
2009-06-22,140.67,416.95,23.95,50.33,70.1
2009-06-23,136.4,406.65,23.38,50.52,69.28
2009-06-24,135.42,408.74,23.45,50.58,69.3
2009-06-25,135.75,407.0,23.43,50.43,68.31
2009-06-26,139.79,413.68,23.57,51.46,69.67
2009-06-29,143.46,426.0,23.6,51.92,69.45
2009-06-30,142.58,424.0,23.97,52.23,70.6
2009-07-01,143.5,424.2,24.05,51.47,70.67
2009-07-02,141.25,415.41,23.76,51.79,69.57
2009-07-06,138.7,406.5,23.21,50.75,67.67
2009-07-07,138.48,408.24,23.08,51.99,67.61
2009-07-08,135.92,400.0,22.31,52.02,66.56
2009-07-09,137.76,406.12,22.65,52.65,66.8
2009-07-10,136.34,409.58,22.19,52.18,65.1
2009-07-13,139.54,416.17,22.42,52.06,65.17
2009-07-14,142.03,423.71,23.2,53.07,66.2
2009-07-15,145.04,429.66,23.75,53.61,67.2
2009-07-16,145.76,436.68,23.93,54.65,68.2
2009-07-17,149.08,433.0,24.4,55.26,68.3
2009-07-20,153.27,429.88,24.44,56.01,69.11
2009-07-21,153.29,430.94,24.69,55.94,69.42
2009-07-22,157.79,428.0,24.7,55.16,69.88
2009-07-23,156.63,428.68,24.93,54.93,69.82
2009-07-24,156.95,435.81,23.61,55.64,71.36
2009-07-27,160.17,446.04,23.44,55.89,72.41
2009-07-28,158.88,441.0,22.99,55.6,71.88
2009-07-29,158.9,437.23,23.73,55.56,71.07
2009-07-30,161.7,442.61,24.2,56.57,70.3
2009-07-31,162.99,449.98,23.77,56.2,70.36
2009-08-03,165.21,448.74,23.82,55.96,70.96
2009-08-04,164.93,449.37,23.68,55.42,70.25
2009-08-05,165.75,456.0,23.84,53.74,70.48
2009-08-06,165.58,454.3,23.93,53.81,70.01
2009-08-07,165.49,455.67,23.75,51.84,70.01
2009-08-10,165.66,455.14,23.46,51.92,69.12
2009-08-11,163.69,453.67,23.32,52.11,68.7
2009-08-12,162.55,455.41,23.13,52.0,68.23
2009-08-13,166.65,462.15,23.63,52.29,69.22
2009-08-14,167.94,462.78,23.62,52.55,68.52
2009-08-17,163.55,451.5,23.32,52.32,67.37
2009-08-18,161.63,445.1,23.29,52.4,66.7
2009-08-19,162.75,439.99,23.25,52.27,66.09
2009-08-20,164.98,452.0,23.6,52.93,68.09
2009-08-21,167.65,465.54,23.93,53.45,69.45
2009-08-24,170.12,467.35,24.41,53.77,70.04
2009-08-25,169.46,469.13,24.6,53.46,71.7
2009-08-26,168.92,472.76,24.59,53.41,70.05
2009-08-27,168.75,468.58,24.41,53.3,71.07
2009-08-28,172.27,469.26,25.07,53.11,71.2
2009-08-31,168.16,459.79,24.57,53.0,69.45
2009-09-01,167.99,459.68,24.35,53.85,68.93
2009-09-02,164.62,455.82,23.82,52.95,68.35
2009-09-03,166.44,455.82,23.91,52.95,68.47
2009-09-04,167.28,457.57,24.09,52.79,68.22
2009-09-08,172.98,464.29,24.62,53.45,69.85
2009-09-09,172.78,459.06,24.74,54.2,70.8
2009-09-10,172.06,466.65,24.8,55.23,70.83
2009-09-11,172.91,470.4,24.93,56.11,70.89
2009-09-14,170.83,470.51,24.65,55.23,69.11
2009-09-15,174.04,475.08,24.97,55.56,70.18
2009-09-16,177.99,479.8,25.25,55.08,69.86
2009-09-17,181.98,490.57,25.06,55.33,69.95
2009-09-18,185.83,496.77,25.46,56.57,70.27
2009-09-21,184.29,487.74,25.11,57.35,69.15
2009-09-22,185.19,500.92,25.4,57.3,70.03
2009-09-23,185.4,500.78,25.92,57.34,69.87
2009-09-24,187.2,500.47,25.92,57.38,69.0
2009-09-25,182.01,494.29,25.69,58.0,68.86
2009-09-28,183.87,494.84,25.6,58.21,68.81
2009-09-29,186.73,499.53,25.91,58.34,69.36
2009-09-30,186.13,500.0,25.76,57.84,68.98
2009-10-01,185.35,493.0,25.41,57.63,68.39
2009-10-02,181.41,483.74,24.46,56.4,66.97
2009-10-05,186.2,487.65,24.98,56.79,66.79
2009-10-06,187.74,491.7,24.68,56.88,68.01
2009-10-07,189.76,499.0,24.99,57.01,68.48
2009-10-08,190.66,519.57,25.44,57.37,68.97
2009-10-09,188.97,516.65,25.57,57.34,68.96
2009-10-12,191.02,523.42,25.66,57.67,69.51
2009-10-13,190.63,524.39,25.59,57.37,70.25
2009-10-14,192.25,532.46,26.14,57.49,70.84
2009-10-15,189.63,533.75,25.9,57.28,71.51
2009-10-16,189.35,547.33,26.45,57.12,72.73
2009-10-19,187.85,552.69,26.49,57.51,73.15
2009-10-20,200.6,551.64,26.42,57.93,73.38
2009-10-21,199.52,549.91,26.46,57.92,72.65
2009-10-22,204.7,550.0,26.56,57.48,73.02
2009-10-23,205.7,555.25,29.2,58.13,74.33
2009-10-26,203.67,555.75,28.13,57.65,73.81
2009-10-27,201.66,550.97,28.73,56.88,73.3
2009-10-28,197.71,547.87,28.24,56.98,74.52
2009-10-29,195.0,543.01,28.07,59.39,72.57
2009-10-30,196.06,550.0,28.03,59.18,73.37
2009-11-02,189.8,537.08,27.7,58.39,72.05
2009-11-03,187.85,530.01,27.64,58.45,71.32
2009-11-04,190.73,540.8,27.69,58.94,72.07
2009-11-05,192.4,543.49,28.52,59.24,71.95
2009-11-06,192.51,547.72,28.38,60.17,71.82
2009-11-09,196.94,555.45,28.62,61.19,72.96
2009-11-10,201.02,562.73,28.9,61.58,72.46
2009-11-11,204.56,570.48,29.08,61.87,73.04
2009-11-12,203.14,569.56,29.01,62.11,72.68
2009-11-13,202.87,569.29,29.47,61.3,72.05
2009-11-16,205.48,575.0,29.61,62.0,73.65
2009-11-17,206.08,574.87,29.5,62.18,74.73
2009-11-18,206.54,576.65,30.0,62.19,75.25
2009-11-19,204.61,573.77,29.99,62.16,74.77
2009-11-20,199.15,569.5,29.66,62.0,74.38
2009-11-23,203.0,576.49,29.84,62.2,75.44
2009-11-24,205.33,582.52,29.95,62.77,75.7
2009-11-25,205.4,586.41,29.81,62.94,76.0
2009-11-27,199.22,572.0,29.11,61.89,74.65
2009-11-30,201.11,580.63,29.15,62.37,74.49
2009-12-01,202.24,588.13,29.52,62.61,76.0
2009-12-02,198.96,591.0,29.9,62.93,75.97
2009-12-03,197.42,589.04,29.84,63.09,75.58
2009-12-04,199.7,593.02,30.05,63.15,75.69
2009-12-07,193.32,584.21,29.78,62.39,73.95
2009-12-08,189.36,583.5,29.52,62.14,73.47
2009-12-09,191.28,587.5,29.47,61.93,73.0
2009-12-10,199.5,590.44,29.71,62.35,73.32
2009-12-11,197.78,594.68,29.97,62.29,72.89
2009-12-14,195.37,595.35,29.91,62.54,70.8
2009-12-15,195.83,593.3,29.89,62.7,69.97
2009-12-16,195.1,598.6,30.07,62.38,69.58
2009-12-17,194.26,596.44,29.95,62.0,68.36
2009-12-18,193.17,596.03,29.84,61.98,68.56
2009-12-21,196.05,597.61,30.4,61.65,68.47
2009-12-22,199.44,601.34,30.6,61.14,68.62
2009-12-23,201.2,603.5,30.71,61.06,68.75
2009-12-24,203.55,612.93,30.88,61.25,68.35
2009-12-28,211.72,621.66,31.0,61.52,69.08
2009-12-29,212.63,624.74,31.35,61.16,69.28
2009-12-30,208.83,618.5,31.15,61.38,68.71
2009-12-31,213.13,624.75,30.98,61.52,68.84
